[
  {
    "model": "testing.answer",
    "pk": 1,
    "fields": {
      "question": 1,
      "text": "Да",
      "number": 1,
      "is_win": true,
      "score": null
    }
  },
  {
    "model": "testing.answer",
    "pk": 2,
    "fields": {
      "question": 1,
      "text": "Нет",
      "number": 1,
      "is_win": false,
      "score": null
    }
  },
  {
    "model": "testing.answer",
    "pk": 3,
    "fields": {
      "question": 2,
      "text": "Да",
      "number": 1,
      "is_win": false,
      "score": null
    }
  },
  {
    "model": "testing.answer",
    "pk": 4,
    "fields": {
      "question": 2,
      "text": "Нет",
      "number": 1,
      "is_win": true,
      "score": null
    }
  },
  {
    "model": "testing.answer",
    "pk": 5,
    "fields": {
      "question": 3,
      "text": "Да",
      "number": 1,
      "is_win": true,
      "score": null
    }
  },
  {
    "model": "testing.answer",
    "pk": 6,
    "fields": {
      "question": 3,
      "text": "Нет",
      "number": 1,
      "is_win": false,
      "score": null
    }
  },
  {
    "model": "testing.answer",
    "pk": 7,
    "fields": {
      "question": 4,
      "text": "Да",
      "number": 1,
      "is_win": true,
      "score": null
    }
  },
  {
    "model": "testing.answer",
    "pk": 8,
    "fields": {
      "question": 4,
      "text": "Нет",
      "number": 1,
      "is_win": false,
      "score": null
    }
  },
  {
    "model": "testing.answer",
    "pk": 9,
    "fields": {
      "question": 5,
      "text": "Да",
      "number": 1,
      "is_win": false,
      "score": null
    }
  },
  {
    "model": "testing.answer",
    "pk": 10,
    "fields": {
      "question": 5,
      "text": "Нет",
      "number": 1,
      "is_win": true,
      "score": null
    }
  },
  {
    "model": "testing.answer",
    "pk": 11,
    "fields": {
      "question": 6,
      "text": "Да",
      "number": 1,
      "is_win": false,
      "score": null
    }
  },
  {
    "model": "testing.answer",
    "pk": 12,
    "fields": {
      "question": 6,
      "text": "Нет",
      "number": 1,
      "is_win": true,
      "score": null
    }
  },
  {
    "model": "testing.answer",
    "pk": 13,
    "fields": {
      "question": 7,
      "text": "Да",
      "number": 1,
      "is_win": true,
      "score": null
    }
  },
  {
    "model": "testing.answer",
    "pk": 14,
    "fields": {
      "question": 7,
      "text": "Нет",
      "number": 1,
      "is_win": false,
      "score": null
    }
  },
  {
    "model": "testing.answer",
    "pk": 15,
    "fields": {
      "question": 8,
      "text": "Да",
      "number": 1,
      "is_win": true,
      "score": null
    }
  },
  {
    "model": "testing.answer",
    "pk": 16,
    "fields": {
      "question": 8,
      "text": "Нет",
      "number": 1,
      "is_win": false,
      "score": null
    }
  },
  {
    "model": "testing.answer",
    "pk": 17,
    "fields": {
      "question": 9,
      "text": "Да",
      "number": 1,
      "is_win": false,
      "score": null
    }
  },
  {
    "model": "testing.answer",
    "pk": 18,
    "fields": {
      "question": 9,
      "text": "Нет",
      "number": 1,
      "is_win": true,
      "score": null
    }
  },
  {
    "model": "testing.answer",
    "pk": 19,
    "fields": {
      "question": 10,
      "text": "Да",
      "number": 1,
      "is_win": true,
      "score": null
    }
  },
  {
    "model": "testing.answer",
    "pk": 20,
    "fields": {
      "question": 10,
      "text": "Нет",
      "number": 1,
      "is_win": false,
      "score": null
    }
  },
  {
    "model": "testing.answer",
    "pk": 21,
    "fields": {
      "question": 11,
      "text": "Да",
      "number": 1,
      "is_win": false,
      "score": null
    }
  },
  {
    "model": "testing.answer",
    "pk": 22,
    "fields": {
      "question": 11,
      "text": "Нет",
      "number": 1,
      "is_win": true,
      "score": null
    }
  },
  {
    "model": "testing.answer",
    "pk": 23,
    "fields": {
      "question": 12,
      "text": "Да",
      "number": 1,
      "is_win": true,
      "score": null
    }
  },
  {
    "model": "testing.answer",
    "pk": 24,
    "fields": {
      "question": 12,
      "text": "Нет",
      "number": 1,
      "is_win": false,
      "score": null
    }
  },
  {
    "model": "testing.answer",
    "pk": 25,
    "fields": {
      "question": 13,
      "text": "Да",
      "number": 1,
      "is_win": false,
      "score": null
    }
  },
  {
    "model": "testing.answer",
    "pk": 26,
    "fields": {
      "question": 13,
      "text": "Нет",
      "number": 1,
      "is_win": true,
      "score": null
    }
  },
  {
    "model": "testing.answer",
    "pk": 27,
    "fields": {
      "question": 14,
      "text": "Да",
      "number": 1,
      "is_win": true,
      "score": null
    }
  },
  {
    "model": "testing.answer",
    "pk": 28,
    "fields": {
      "question": 14,
      "text": "Нет",
      "number": 1,
      "is_win": false,
      "score": null
    }
  },
  {
    "model": "testing.answer",
    "pk": 29,
    "fields": {
      "question": 15,
      "text": "Да",
      "number": 1,
      "is_win": true,
      "score": null
    }
  },
  {
    "model": "testing.answer",
    "pk": 30,
    "fields": {
      "question": 15,
      "text": "Нет",
      "number": 1,
      "is_win": false,
      "score": null
    }
  },
  {
    "model": "testing.answer",
    "pk": 31,
    "fields": {
      "question": 16,
      "text": "Да",
      "number": 1,
      "is_win": true,
      "score": null
    }
  },
  {
    "model": "testing.answer",
    "pk": 32,
    "fields": {
      "question": 16,
      "text": "Нет",
      "number": 1,
      "is_win": false,
      "score": null
    }
  },
  {
    "model": "testing.answer",
    "pk": 33,
    "fields": {
      "question": 17,
      "text": "Да",
      "number": 1,
      "is_win": false,
      "score": null
    }
  },
  {
    "model": "testing.answer",
    "pk": 34,
    "fields": {
      "question": 17,
      "text": "Нет",
      "number": 1,
      "is_win": true,
      "score": null
    }
  },
  {
    "model": "testing.answer",
    "pk": 35,
    "fields": {
      "question": 18,
      "text": "Да",
      "number": 1,
      "is_win": true,
      "score": null
    }
  },
  {
    "model": "testing.answer",
    "pk": 36,
    "fields": {
      "question": 18,
      "text": "Нет",
      "number": 1,
      "is_win": false,
      "score": null
    }
  },
  {
    "model": "testing.answer",
    "pk": 37,
    "fields": {
      "question": 19,
      "text": "Да",
      "number": 1,
      "is_win": true,
      "score": null
    }
  },
  {
    "model": "testing.answer",
    "pk": 38,
    "fields": {
      "question": 19,
      "text": "Нет",
      "number": 1,
      "is_win": false,
      "score": null
    }
  },
  {
    "model": "testing.answer",
    "pk": 39,
    "fields": {
      "question": 20,
      "text": "Да",
      "number": 1,
      "is_win": true,
      "score": null
    }
  },
  {
    "model": "testing.answer",
    "pk": 40,
    "fields": {
      "question": 20,
      "text": "Нет",
      "number": 1,
      "is_win": false,
      "score": null
    }
  },
  {
    "model": "testing.answer",
    "pk": 41,
    "fields": {
      "question": 21,
      "text": "Да",
      "number": 1,
      "is_win": false,
      "score": null
    }
  },
  {
    "model": "testing.answer",
    "pk": 42,
    "fields": {
      "question": 21,
      "text": "Нет",
      "number": 1,
      "is_win": true,
      "score": null
    }
  },
  {
    "model": "testing.answer",
    "pk": 43,
    "fields": {
      "question": 22,
      "text": "Да",
      "number": 1,
      "is_win": true,
      "score": null
    }
  },
  {
    "model": "testing.answer",
    "pk": 44,
    "fields": {
      "question": 22,
      "text": "Нет",
      "number": 1,
      "is_win": false,
      "score": null
    }
  },
  {
    "model": "testing.answer",
    "pk": 45,
    "fields": {
      "question": 23,
      "text": "Да",
      "number": 1,
      "is_win": false,
      "score": null
    }
  },
  {
    "model": "testing.answer",
    "pk": 46,
    "fields": {
      "question": 23,
      "text": "Нет",
      "number": 1,
      "is_win": true,
      "score": null
    }
  },
  {
    "model": "testing.answer",
    "pk": 47,
    "fields": {
      "question": 24,
      "text": "Да",
      "number": 1,
      "is_win": false,
      "score": null
    }
  },
  {
    "model": "testing.answer",
    "pk": 48,
    "fields": {
      "question": 24,
      "text": "Нет",
      "number": 1,
      "is_win": true,
      "score": null
    }
  },
  {
    "model": "testing.answer",
    "pk": 49,
    "fields": {
      "question": 25,
      "text": "Да",
      "number": 1,
      "is_win": false,
      "score": null
    }
  },
  {
    "model": "testing.answer",
    "pk": 50,
    "fields": {
      "question": 25,
      "text": "Нет",
      "number": 1,
      "is_win": true,
      "score": null
    }
  },
  {
    "model": "testing.answer",
    "pk": 51,
    "fields": {
      "question": 26,
      "text": "Да",
      "number": 1,
      "is_win": true,
      "score": null
    }
  },
  {
    "model": "testing.answer",
    "pk": 52,
    "fields": {
      "question": 26,
      "text": "Нет",
      "number": 1,
      "is_win": false,
      "score": null
    }
  },
  {
    "model": "testing.answer",
    "pk": 53,
    "fields": {
      "question": 27,
      "text": "Да",
      "number": 1,
      "is_win": true,
      "score": null
    }
  },
  {
    "model": "testing.answer",
    "pk": 54,
    "fields": {
      "question": 27,
      "text": "Нет",
      "number": 1,
      "is_win": false,
      "score": null
    }
  },
  {
    "model": "testing.answer",
    "pk": 55,
    "fields": {
      "question": 28,
      "text": "Да",
      "number": 1,
      "is_win": false,
      "score": null
    }
  },
  {
    "model": "testing.answer",
    "pk": 56,
    "fields": {
      "question": 28,
      "text": "Нет",
      "number": 1,
      "is_win": true,
      "score": null
    }
  },
  {
    "model": "testing.answer",
    "pk": 57,
    "fields": {
      "question": 29,
      "text": "Да",
      "number": 1,
      "is_win": false,
      "score": null
    }
  },
  {
    "model": "testing.answer",
    "pk": 58,
    "fields": {
      "question": 29,
      "text": "Нет",
      "number": 1,
      "is_win": true,
      "score": null
    }
  },
  {
    "model": "testing.answer",
    "pk": 59,
    "fields": {
      "question": 30,
      "text": "Да",
      "number": 1,
      "is_win": false,
      "score": null
    }
  },
  {
    "model": "testing.answer",
    "pk": 60,
    "fields": {
      "question": 30,
      "text": "Нет",
      "number": 1,
      "is_win": true,
      "score": null
    }
  },
  {
    "model": "testing.answer",
    "pk": 61,
    "fields": {
      "question": 31,
      "text": "Да",
      "number": 1,
      "is_win": true,
      "score": null
    }
  },
  {
    "model": "testing.answer",
    "pk": 62,
    "fields": {
      "question": 31,
      "text": "Нет",
      "number": 1,
      "is_win": false,
      "score": null
    }
  },
  {
    "model": "testing.answer",
    "pk": 63,
    "fields": {
      "question": 32,
      "text": "Да",
      "number": 1,
      "is_win": true,
      "score": null
    }
  },
  {
    "model": "testing.answer",
    "pk": 64,
    "fields": {
      "question": 32,
      "text": "Нет",
      "number": 1,
      "is_win": false,
      "score": null
    }
  },
  {
    "model": "testing.answer",
    "pk": 65,
    "fields": {
      "question": 33,
      "text": "Да",
      "number": 1,
      "is_win": false,
      "score": null
    }
  },
  {
    "model": "testing.answer",
    "pk": 66,
    "fields": {
      "question": 33,
      "text": "Нет",
      "number": 1,
      "is_win": true,
      "score": null
    }
  },
  {
    "model": "testing.answer",
    "pk": 67,
    "fields": {
      "question": 34,
      "text": "Да",
      "number": 1,
      "is_win": true,
      "score": null
    }
  },
  {
    "model": "testing.answer",
    "pk": 68,
    "fields": {
      "question": 34,
      "text": "Нет",
      "number": 1,
      "is_win": false,
      "score": null
    }
  },
  {
    "model": "testing.answer",
    "pk": 69,
    "fields": {
      "question": 35,
      "text": "Да",
      "number": 1,
      "is_win": true,
      "score": null
    }
  },
  {
    "model": "testing.answer",
    "pk": 70,
    "fields": {
      "question": 35,
      "text": "Нет",
      "number": 1,
      "is_win": false,
      "score": null
    }
  },
  {
    "model": "testing.answer",
    "pk": 71,
    "fields": {
      "question": 36,
      "text": "Да",
      "number": 1,
      "is_win": false,
      "score": null
    }
  },
  {
    "model": "testing.answer",
    "pk": 72,
    "fields": {
      "question": 36,
      "text": "Нет",
      "number": 1,
      "is_win": true,
      "score": null
    }
  },
  {
    "model": "testing.question",
    "pk": 1,
    "fields": {
      "test_template": 1,
      "text": "Если это необходимо, я до конца выполняю даже скучную, однообразную работу.",
      "number": 1,
      "win_score": null,
      "allow_incorrect_answers": false
    }
  },
  {
    "model": "testing.question",
    "pk": 2,
    "fields": {
      "test_template": 1,
      "text": "Обычно я работаю до тех пор, пока есть желание.",
      "number": 2,
      "win_score": null,
      "allow_incorrect_answers": false
    }
  },
  {
    "model": "testing.question",
    "pk": 3,
    "fields": {
      "test_template": 1,
      "text": "Мне нравится решать трудные задачи, головоломки, каверзные задачи для ума.",
      "number": 3,
      "win_score": null,
      "allow_incorrect_answers": false
    }
  },
  {
    "model": "testing.question",
    "pk": 4,
    "fields": {
      "test_template": 1,
      "text": "Даже если в работе не все получается, стараюсь продолжать начатое дело.",
      "number": 4,
      "win_score": null,
      "allow_incorrect_answers": false
    }
  },
  {
    "model": "testing.question",
    "pk": 5,
    "fields": {
      "test_template": 1,
      "text": "Я много раз пытался планировать свой день, но не смог выполнить намеченного.",
      "number": 5,
      "win_score": null,
      "allow_incorrect_answers": false
    }
  },
  {
    "model": "testing.question",
    "pk": 6,
    "fields": {
      "test_template": 1,
      "text": "По возможности я избегаю трудной работы.",
      "number": 6,
      "win_score": null,
      "allow_incorrect_answers": false
    }
  },
  {
    "model": "testing.question",
    "pk": 7,
    "fields": {
      "test_template": 1,
      "text": "Если у меня что-то не получается, я делаю это еще и еще раз.",
      "number": 7,
      "win_score": null,
      "allow_incorrect_answers": false
    }
  },
  {
    "model": "testing.question",
    "pk": 8,
    "fields": {
      "test_template": 1,
      "text": "Установив распорядок дня, я тщательно его соблюдаю, даже когда мне этого не хочется.",
      "number": 8,
      "win_score": null,
      "allow_incorrect_answers": false
    }
  },
  {
    "model": "testing.question",
    "pk": 9,
    "fields": {
      "test_template": 1,
      "text": "При затруднении я часто начинаю сомневаться, стоит ли продолжать начатую работу.",
      "number": 9,
      "win_score": null,
      "allow_incorrect_answers": false
    }
  },
  {
    "model": "testing.question",
    "pk": 10,
    "fields": {
      "test_template": 1,
      "text": "Если мне кто-то не позволяет сделать то, что я хочу, я все равно стараюсь выполнить задуманное.",
      "number": 10,
      "win_score": null,
      "allow_incorrect_answers": false
    }
  },
  {
    "model": "testing.question",
    "pk": 11,
    "fields": {
      "test_template": 1,
      "text": "Когда что-то не ладится, я нетерпелив и готов бросить начатое дело.",
      "number": 11,
      "win_score": null,
      "allow_incorrect_answers": false
    }
  },
  {
    "model": "testing.question",
    "pk": 12,
    "fields": {
      "test_template": 1,
      "text": "Когда я играю в шахматы или другую игру, то сопротивляюсь до последней возможности.",
      "number": 12,
      "win_score": null,
      "allow_incorrect_answers": false
    }
  },
  {
    "model": "testing.question",
    "pk": 13,
    "fields": {
      "test_template": 1,
      "text": "В споре я чаще всего не стараюсь переубедить других.",
      "number": 13,
      "win_score": null,
      "allow_incorrect_answers": false
    }
  },
  {
    "model": "testing.question",
    "pk": 14,
    "fields": {
      "test_template": 1,
      "text": "Всегда стараюсь до конца выполнить порученное мне дело, несмотря на возникающие трудности.",
      "number": 14,
      "win_score": null,
      "allow_incorrect_answers": false
    }
  },
  {
    "model": "testing.question",
    "pk": 15,
    "fields": {
      "test_template": 1,
      "text": "Я всегда отстаиваю свое мнение, если уверен, что прав.",
      "number": 15,
      "win_score": null,
      "allow_incorrect_answers": false
    }
  },
  {
    "model": "testing.question",
    "pk": 16,
    "fields": {
      "test_template": 1,
      "text": "При решении трудной задачи я стараюсь сам разобраться в ней, а не надеюсь на помощь других.",
      "number": 16,
      "win_score": null,
      "allow_incorrect_answers": false
    }
  },
  {
    "model": "testing.question",
    "pk": 17,
    "fields": {
      "test_template": 1,
      "text": "В споре я обычно тушуюсь перед напором противника в разговоре.",
      "number": 17,
      "win_score": null,
      "allow_incorrect_answers": false
    }
  },
  {
    "model": "testing.question",
    "pk": 18,
    "fields": {
      "test_template": 1,
      "text": "Когда я уверен, что стою на правильном пути, для доказательства своей правоты я могу работать сколько угодно, даже если мне будут мешать.",
      "number": 18,
      "win_score": null,
      "allow_incorrect_answers": false
    }
  },
  {
    "model": "testing.question",
    "pk": 19,
    "fields": {
      "test_template": 2,
      "text": "Я уже определил свою цель на будущее и готовлюсь к ее достижению.",
      "number": 1,
      "win_score": null,
      "allow_incorrect_answers": false
    }
  },
  {
    "model": "testing.question",
    "pk": 20,
    "fields": {
      "test_template": 2,
      "text": "Я систематически стремлюсь к намеченной цели, какой бы далекой она не была.",
      "number": 2,
      "win_score": null,
      "allow_incorrect_answers": false
    }
  },
  {
    "model": "testing.question",
    "pk": 21,
    "fields": {
      "test_template": 2,
      "text": "У меня обычно пропадает желание добиваться далекой цели, если что-нибудь этому препятствует.",
      "number": 3,
      "win_score": null,
      "allow_incorrect_answers": false
    }
  },
  {
    "model": "testing.question",
    "pk": 22,
    "fields": {
      "test_template": 2,
      "text": "Даже при неудачах я уверен, что все равно добьюсь своего.",
      "number": 4,
      "win_score": null,
      "allow_incorrect_answers": false
    }
  },
  {
    "model": "testing.question",
    "pk": 23,
    "fields": {
      "test_template": 2,
      "text": "Я стараюсь не ставить перед собой очень далеких целей, так как считаю, что легче жить сегодняшним днем.",
      "number": 5,
      "win_score": null,
      "allow_incorrect_answers": false
    }
  },
  {
    "model": "testing.question",
    "pk": 24,
    "fields": {
      "test_template": 2,
      "text": "Я несколько раз пытался заниматься самосовершенствованием, но из этого так ничего и не вышло.",
      "number": 6,
      "win_score": null,
      "allow_incorrect_answers": false
    }
  },
  {
    "model": "testing.question",
    "pk": 25,
    "fields": {
      "test_template": 2,
      "text": "Неудачи выбивают меня из колеи, и я отказываюсь от намерения достичь чего-нибудь значительного.",
      "number": 7,
      "win_score": null,
      "allow_incorrect_answers": false
    }
  },
  {
    "model": "testing.question",
    "pk": 26,
    "fields": {
      "test_template": 2,
      "text": "Если уж я поставил перед собой важную для меня цель, то меня трудно остановить.",
      "number": 8,
      "win_score": null,
      "allow_incorrect_answers": false
    }
  },
  {
    "model": "testing.question",
    "pk": 27,
    "fields": {
      "test_template": 2,
      "text": "Поражение побуждает меня действовать с удвоенной силой.",
      "number": 9,
      "win_score": null,
      "allow_incorrect_answers": false
    }
  },
  {
    "model": "testing.question",
    "pk": 28,
    "fields": {
      "test_template": 2,
      "text": "Я много раз пытался спланировать свою неделю, но так и не смог выполнить намеченного из-за плохой самоорганизованности.",
      "number": 10,
      "win_score": null,
      "allow_incorrect_answers": false
    }
  },
  {
    "model": "testing.question",
    "pk": 29,
    "fields": {
      "test_template": 2,
      "text": "При возникновении трудностей я начинаю сомневаться, стоит ли продолжать начатое.",
      "number": 11,
      "win_score": null,
      "allow_incorrect_answers": false
    }
  },
  {
    "model": "testing.question",
    "pk": 30,
    "fields": {
      "test_template": 2,
      "text": "Мне часто бывает трудно довести дело до конца, особенно если для этого требуются недели и месяцы.",
      "number": 12,
      "win_score": null,
      "allow_incorrect_answers": false
    }
  },
  {
    "model": "testing.question",
    "pk": 31,
    "fields": {
      "test_template": 2,
      "text": "Мои близкие считают меня одержимым.",
      "number": 13,
      "win_score": null,
      "allow_incorrect_answers": false
    }
  },
  {
    "model": "testing.question",
    "pk": 32,
    "fields": {
      "test_template": 2,
      "text": "Я испытываю большое удовлетворение, когда добиваюсь намеченного вопреки имевшимся трудностям.",
      "number": 14,
      "win_score": null,
      "allow_incorrect_answers": false
    }
  },
  {
    "model": "testing.question",
    "pk": 33,
    "fields": {
      "test_template": 2,
      "text": "Я часто бросаю на половине пути начатые дела, теряя к ним интерес.",
      "number": 15,
      "win_score": null,
      "allow_incorrect_answers": false
    }
  },
  {
    "model": "testing.question",
    "pk": 34,
    "fields": {
      "test_template": 2,
      "text": "Я умею ждать и терпеть, поэтому отдаленные цели меня не пугают.",
      "number": 16,
      "win_score": null,
      "allow_incorrect_answers": false
    }
  },
  {
    "model": "testing.question",
    "pk": 35,
    "fields": {
      "test_template": 2,
      "text": "Препятствия лишь раззадоривают меня, делают мои решения более твердыми.",
      "number": 17,
      "win_score": null,
      "allow_incorrect_answers": false
    }
  },
  {
    "model": "testing.question",
    "pk": 36,
    "fields": {
      "test_template": 2,
      "text": "Лень, а не сомнения в успехе, вынуждает меня слишком часто отказываться от достижения цели.",
      "number": 18,
      "win_score": null,
      "allow_incorrect_answers": false
    }
  },
  {
    "model": "testing.testtemplate",
    "pk": 1,
    "fields": {
      "name": "Мотивация к тренировочному процессу",
      "description": "Вам предлагается ряд ситуаций. Представьте себя в этих ситуациях и оцените, насколько они для вас характерны.",
      "slug": "test1",
      "is_open": false,
      "is_published": false
    }
  },
  {
    "model": "testing.testtemplate",
    "pk": 2,
    "fields": {
      "name": "Тест по определению развития волевых качеств",
      "description": "Вам предлагается ряд ситуаций. Представьте себя в этих ситуациях и оцените, насколько они для вас характерны.",
      "slug": "test2",
      "is_open": false,
      "is_published": false
    }
  }
]